{"cameraMode":{"drawMode":0,"name":"Shaded","section":"Shading Mode"},"sceneLighting":false,"audioPlay":false,"sceneViewState":{"showFog":true,"showMaterialUpdate":false,"showSkybox":false,"showFlares":true,"showImageEffects":true,"showParticleSystems":true},"in2DMode":false,"pivot":{"x":-1.7330000400543213,"y":0.19300001859664918,"z":-1.9740850925445557},"rotation":{"x":0.02314222790300846,"y":0.0630379319190979,"z":0.0014622006565332413,"w":-0.9977433085441589},"size":0.8539783954620361,"orthographic":false}